id,time,username,content,original,likeCount,retweetCount,sentiment_neg,sentiment_neu,sentiment_pos,sentiment_compound
1941174405213847558,2025-07-04T16:36:58.000Z,1938328184392744960,is a big hit in our community! .<;~,"$RDDT is a big hit in our community!

.&lt;;~https://t.co/JuXMP3IZJC

$NVDA $AAPL $TSLA $GME $GWAV $AMC $SPY $HOLO $FSRN $NVDA $DUO https://t.co/vdPSgqQpi3",0,0,0.0,1.0,0.0,0.0
1941174384879862127,2025-07-04T16:36:53.000Z,1904884596375945216,Our group chat was on point with that pump‚Äîstraight fire! üî• Huge props to the free trial squad that snagged the alert. ‚û°Ô∏è,"Our group chat was on point with that $RZLV pump‚Äîstraight fire! üî• Huge props to the free trial squad that snagged the alert. 
‚û°Ô∏èhttps://t.co/tOM3nmVVYI
$AAPL $QQQ $RENT $GME $TTWO $AMAT $WMT $CBRL $JDZG $VKTX $FFIE $AMC $SPY $GNS https://t.co/3JdJrvwpVl",0,0,0.151,0.596,0.254,0.5093
1941174383651049606,2025-07-04T16:36:52.000Z,1928589972690636800,"His accuracy is 80%-90%, he deserves attention.","His accuracy is 80%-90%, he deserves attention.@_OceanMaster_

$PMNT  $DAIC  $IVDA $SCAG  $NVDA  $META  $MSFT  $HOOD  $GME  $GRYP  $TSLA $SMCI",0,0,0.0,1.0,0.0,0.0
1941174301790744769,2025-07-04T16:36:33.000Z,1926916803063640064,"Follow this blogger His unique analysis gave me a new perspective. Perfect trading strategy. I made ,000 in just half a month. Is this strategy worth learning from? üíê","Follow this blogger @Cavila889
His unique analysis gave me a new perspective.
Perfect trading strategy. I made $30,000 in just half a month. Is this strategy worth learning from?
$OGEN  $MSFT  $AAPL  $AMD  $QS  $PLTR  $ADA  $NVDA  $BTBT  $GME  $GVH  $BTBT  $HIMS  $OGEN  $CYN  üíê",1,0,0.0,0.828,0.172,0.6808
1941174193258971452,2025-07-04T16:36:07.000Z,1904884596375945216,The stock market‚Äôs on fire right now! üöÄ Don‚Äôt sleep on this‚Äîsign up for our 14-day FREE trial and start stacking those gains! ‚û°Ô∏è,"The stock market‚Äôs on fire right now! üöÄ Don‚Äôt sleep on this‚Äîsign up for our 14-day FREE trial and start stacking those gains! 
‚û°Ô∏èhttps://t.co/tOM3nmVVYI
$AMC $GWA $QQQ $RENT $GME $CRKN $SPY $GNS $HOLO $NVDA $CYN $BSFC $MULN $TSLA $AAPL https://t.co/MRNw6FKaWR",0,0,0.076,0.7,0.223,0.6825
1941174182802563475,2025-07-04T16:36:05.000Z,224750535,"Best discord group over 80k members and even have their own app join here "";<.-","Best discord group over 80k members and even have their own app join here "";&lt;.-       https://t.co/2gwyXNNgeZ

$SPY $COIN $AMC $GME $BB $TSLA $AHT $VXIT https://t.co/GmCxvBz4eI",0,0,0.128,0.569,0.303,0.5719
1941174142969217264,2025-07-04T16:35:55.000Z,1938328184392744960,Made back all my trading losses after starting the 14-day FREE trial! .<;~,"Made back all my trading losses after starting the 14-day FREE trial!

.&lt;;~https://t.co/JuXMP3IZJC
 
$MULN $NFLX $QQQ $META $RENT $GME $TTWO $AMAT $WMT $CBRL $TSLA https://t.co/H5X9qRPF23",0,0,0.15,0.61,0.24,0.3869
1941174116725440529,2025-07-04T16:35:49.000Z,1904884596375945216,"Yo,Chris just called and we‚Äôre up +101% üí• Wanna catch moves like this? Join us now ‚û°Ô∏è","Yo,Chris just called $PRTG and we‚Äôre up +101% üí• Wanna catch moves like this? Join us now 
‚û°Ô∏èhttps://t.co/tOM3nmVVYI
$QQQ $GME $VKTX $FFIE $AMC $GWAV $CRKN $SPY $GNS $HOLO $NVDA $CYN $BSFC $TSLA $NFLX $META $AAPL https://t.co/K7SOEkbsLq",0,0,0.111,0.667,0.222,0.3612
1941174069984170426,2025-07-04T16:35:38.000Z,1930542784794030080,"His accuracy is 80%-90%, he deserves attention.","His accuracy is 80%-90%, he deserves attention.@_OceanMaster_

$ADTX $NVDA  $PMNT  $AMD  $HOOD  $GME  $META  $TSLA $NAMM  $MSFT  $META  $COIN",0,0,0.0,1.0,0.0,0.0
1941173762369663171,2025-07-04T16:34:24.000Z,1904884596375945216,"Look at this! A member made +,092.75 today! üí∞ You can start profiting too‚Äîsign up for our 14-day FREE trial and get expert alerts!! ‚û°Ô∏è","Look at this! A member made +$1,092.75 today! üí∞ You can start profiting too‚Äîsign up for our 14-day FREE trial and get expert alerts!!
‚û°Ô∏èhttps://t.co/tOM3nmVVYI
$PARA $ANVS $DOYU $KOSS $GDXU $RELI $ABSI $SPY $GME $OPTT $NVDA $HOLO $DJT $QQQ $ZCAR $MULN $AAPL $AMZN $AMC https://t.co/nR8PoRt0jt",0,0,0.0,0.762,0.238,0.8317
1941173755725898170,2025-07-04T16:34:23.000Z,1930252106390224896,"His accuracy is 80%-90%, he deserves attention.","His accuracy is 80%-90%, he deserves attention.@_OceanMaster_

$ADA  $HOOD  $HIMS  $NAMM  $TSLA $PLTR  $GME  $XRP  $AMZN  $AMD  $GRAB  $ASTS",0,0,0.0,1.0,0.0,0.0
1941173705910149176,2025-07-04T16:34:11.000Z,1321965694037200897,"Gen Z Isn't Buying Video Games, Sales Have Plummeted","Gen Z Isn't Buying Video Games, Sales Have Plummeted 

https://t.co/nN4MXhXxEt $gme",1,0,0.0,1.0,0.0,0.0
1941173677795786795,2025-07-04T16:34:04.000Z,1904884596375945216,A member just made + on ! üöÄ Don‚Äôt miss your chance‚Äîjoin our 14-day FREE trial and start profiting from expert alerts!! ‚û°Ô∏è,"A member just made +$851 on $TSLA! üöÄ Don‚Äôt miss your chance‚Äîjoin our 14-day FREE trial and start profiting from expert alerts!!
‚û°Ô∏èhttps://t.co/tOM3nmVVYI

$TSLA $RDDT $ICU $IVP $VVPR $POET $GDXU $RELI $ABSI $SPY $GME $OPTT $NVDA $HOLO $DJT $QQQ $ZCAR $MULN $AAPL $AMZN $AMC https://t.co/7nR3y57LC6",0,0,0.053,0.697,0.249,0.7851
1941173597047067109,2025-07-04T16:33:45.000Z,1904884596375945216,Unbelievable profits like +723.91% on ! üî• Start your 14-DAY FREE trial today and take your trading to the next level!! ‚û°Ô∏è,"Unbelievable profits like +723.91% on $QBTS! üî• Start your 14-DAY FREE trial today and take your trading to the next level!!
‚û°Ô∏èhttps://t.co/tOM3nmVVYI
$TSLA $RDDT $ICU $IVP $VVPR $CNSP $IMMX $POET $GDXU $RELI $ABSI $SPY $GME $HOLO $DJT $QQQ $ZCAR $MULN $AAPL $AMZN $AMC https://t.co/EpYlLjOI8w",0,0,0.074,0.554,0.372,0.8661
1941173508400349434,2025-07-04T16:33:24.000Z,1904884596375945216,"Unlock huge returns like +,800 on ! üöÄ Start your FREE 14-day trial today and watch your portfolio soar!! ‚û°Ô∏è","Unlock huge returns like +$1,800 on $BA! üöÄ Start your FREE 14-day trial today and watch your portfolio soar!!
‚û°Ô∏èhttps://t.co/tOM3nmVVYI
$PARA $ANVS $DOYU $KOSS $STZ $TSLA $RDDT $ICU $IVP $VVPR $CNSP $GME $OPTT $NVDA $HOLO $DJT $QQQ $ZCAR $MULN $AAPL https://t.co/XLJwo8PJYX",0,0,0.0,0.65,0.35,0.8661
1941173490046124275,2025-07-04T16:33:19.000Z,2323745442,.V First year for like Junior Productor is beautiful ü§òüí∞üòéüöÄ The best project in US üá∫üá∏ IN MiningStocks gold for sure Should to be already at 12$ üòé‚úä,"$ITRG $ITR.V First year for @IntegraResource like Junior Productor is beautiful ü§òüí∞üòéüöÄ

The best project in US üá∫üá∏ IN #MiningStocks  #gold for sure 

Should to be already at 12$ üòé‚úä $NVDA $TSLA $GME $AMD $HOLO $QBTS https://t.co/Iix0U71Zx3",0,0,0.0,0.662,0.338,0.9578
1941173443623530683,2025-07-04T16:33:08.000Z,1928545965499363329,"His accuracy is 80%-90%, he deserves attention.","His accuracy is 80%-90%, he deserves attention.@_OceanMaster_

$SMCI  $BTC  $ADTX $AMD  $IVDA $QBTS  $GME  $PMAX  $GRYP  $DAIC  $COIN  $TSLA",1,0,0.0,1.0,0.0,0.0
1941173434303775037,2025-07-04T16:33:06.000Z,1882194588137381888,GameStop *** ‚öæÔ∏è‚öæÔ∏è‚öæÔ∏è1233 ‚öæÔ∏è‚öæÔ∏è‚öæÔ∏è***,GameStop $GME *** ‚öæÔ∏è‚öæÔ∏è‚öæÔ∏è1233 ‚öæÔ∏è‚öæÔ∏è‚öæÔ∏è*** https://t.co/H3n3lQmZs1,0,0,0.0,1.0,0.0,0.0
1941173390267892186,2025-07-04T16:32:56.000Z,1904884596375945216,Score massive profits like + on ! üìà Join the winning team with a FREE 14-day trial and elevate your investments!!‚û°Ô∏è,"Score massive profits like +$713 on $COIN! üìà Join the winning team with a FREE 14-day trial and elevate your investments!!‚û°Ô∏èhttps://t.co/tOM3nmVVYI

$MSFT $BBAI $OSCR $MSTR

$ICU $IVP $VVPR $CNSP $IMMX $POET $GDXU $RELI $ABSI $SPY $GME $OPTT $NVDA $HOLO $DJT $QQQ $ZCAR $MULN $AA https://t.co/xPjTU87kyT",0,0,0.0,0.544,0.456,0.9424
1941173273582244194,2025-07-04T16:32:28.000Z,1904884596375945216,"We totally called that pump in the group chat, and it slapped! üî• Major props to the free trial squad who caught that alert. ‚û°Ô∏è","We totally called that $LITM pump in the group chat, and it slapped! üî• Major props to the free trial squad who caught that alert.
‚û°Ô∏èhttps://t.co/tOM3nmVVYI

$MSFT $BBAI $OSCR $MSTR
$IMMX $POET $GDXU $RELI $ABSI $SPY $GME $OPTT $QQQ $ZCAR $MULN $AAPL $AMZN $AMC https://t.co/OnHppJ8HoG",0,0,0.077,0.737,0.186,0.5255
1941173127087849634,2025-07-04T16:31:53.000Z,1930676837232812032,"His accuracy is 80%-90%, he deserves attention.","His accuracy is 80%-90%, he deserves attention.@_OceanMaster_

$SMCI  $TSLA $PMAX  $NAMM  $IVDA $GME  $GOOG  $BTC  $DAIC  $GME  $SMCI  $NVDA",0,0,0.0,1.0,0.0,0.0
1941173124135043258,2025-07-04T16:31:52.000Z,224750535,üî∂ The day was mixed of gain and loss ‚úÖ But g'{)(d that many if not the all of our group were on the gain side üí™'{)(- üöÄ,"üî∂ The day was mixed of gain and loss

‚úÖ But g'{)(d that many if not the all of our group were on the gain side üí™'{)(-       https://t.co/2gwyXNNgeZ

üöÄ

$AAPL $NIO $SPY $WMT $FB $PT $PTON $GME $TSLA $MVIS $BABA https://t.co/oW5Mr6PDcw",0,0,0.041,0.747,0.212,0.7814
1941173119760404666,2025-07-04T16:31:51.000Z,2152042802,- DDAmanda Chart:,@PSuiteNetwork $GME - #DDAmanda Chart: https://t.co/fFKB0Fi2RY,0,0,0.0,1.0,0.0,0.0
1941173107143888986,2025-07-04T16:31:48.000Z,374729426,"Stock Carvana (CVNA, .33) was a top quarterly gainer, rising +114.26%","$CVNA Stock Carvana (CVNA, $348.33) was a top quarterly gainer, rising +114.26%
https://t.co/wzRBtWgWOQ
$HD $LOW $TSCO $ULTA $BBY $BBWI $FIVE $RH $GME",0,0,0.0,0.847,0.153,0.2023
1941173055105155320,2025-07-04T16:31:36.000Z,224750535,"üìà Performance of some of the fellow traders of our Community . ,/!.- Calcu,/!.ted risk ,Great Analysis, RLOXu,/!.r AlertsüöÄ üéâ","üìà Performance of some of the fellow traders of our Community .
,/!.-       https://t.co/2gwyXNNgeZ
Calcu,/!.ted risk ,Great Analysis, RLOXu,/!.r AlertsüöÄ

üéâ

$SPY $TSLA $SHOP $AMZN $NVDA $ROKU $EBAY $BB $DAL  $GME $QQQ $AAPL https://t.co/Tf1Sc8Zr3g",0,0,0.071,0.672,0.258,0.7633
1941173046439797067,2025-07-04T16:31:34.000Z,1904884596375945216,"We totally called that pump in the group chat, and it slapped! üî• Major props to the free trial squad who caught that alert.","We totally called that $LITM pump in the group chat, and it slapped! üî• Major props to the free trial squad who caught that alert.

$IMMX $POET $GDXU $RELI $ABSI $SPY $GME $OPTT $QQQ $ZCAR $MULN $AAPL $AMZN $AMC https://t.co/aBF8uqDISp",0,0,0.082,0.719,0.198,0.5255
1941173014131077430,2025-07-04T16:31:26.000Z,1857112645784240128,Here we go.. üí∏‚û°Ô∏è,$gme Here we go.. üí∏‚û°Ô∏è  https://t.co/1n6GoeNwUv,0,0,0.0,1.0,0.0,0.0
1941172906828198257,2025-07-04T16:31:00.000Z,1904884596375945216,"Just bagged a wild +111% gain on ! üöÄ We up, fam‚Äîdon‚Äôt sleep on the next play, it's only going up from here! ‚û°Ô∏è","Just bagged a wild +111% gain on $PLRZ! üöÄ We up, fam‚Äîdon‚Äôt sleep on the next play, it's only going up from here!
‚û°Ô∏èhttps://t.co/tOM3nmVVYI

$MSFT $BBAI $OSCR $MSTR
$VVPR $CNSP $IMMX $POET $GDXU $RELI $ABSI $SPY $GME $OPTT $NVDA $HOLO $DJT $QQQ $ZCAR $MULN $AAPL $AMZN $AMC https://t.co/FCj4XiINSA",0,0,0.0,0.783,0.217,0.7494
1941172819708301639,2025-07-04T16:30:40.000Z,1904884596375945216,"Yo, no way! Analyst just cooked up a fat +95% on üò§üî• Don‚Äôt cap‚Äîthis is your sign to slide into our Discord. ‚û°Ô∏è","Yo, no way! Analyst just cooked up a fat +95% on $QMCO üò§üî• Don‚Äôt cap‚Äîthis is your sign to slide into our Discord.
‚û°Ô∏èhttps://t.co/tOM3nmVVYI

$MSFT $BBAI $OSCR $MSTR
$ANVS $DOYU $KOSS $STZ $TSLA $RDDT $ICU $IVP $VVPR $CNSP $IMMX $POET $GDXU $RELI $ABSI $SPY $GME $OPTT $NVDA $HOLO https://t.co/rZHkOV7Eac",0,0,0.226,0.774,0.0,-0.7644
1941172781699518763,2025-07-04T16:30:31.000Z,1928444461559975936,"His accuracy is 80%-90%, he deserves attention.","His accuracy is 80%-90%, he deserves attention.@_OceanMaster_

$ELWS  $NVDA  $PMAX  $PLTR  $XRP  $HIMS  $GOOG  $META  $DAIC  $ASTS  $GME  $SMCI",0,0,0.0,1.0,0.0,0.0
1941172718650757242,2025-07-04T16:30:16.000Z,1904884596375945216,20 days free trial available Discord Link ‚û°Ô∏è,"20 days free trial available

Discord Link ‚û°Ô∏èhttps://t.co/uGAYSIrXWE

$AAPL $GOOG $MULN $NFLX $QQQ $NVDA $RENT $GME $TTWO $AMAT $WMT $CBRL $TSLA https://t.co/TliZbkQ0iB",0,0,0.208,0.538,0.254,0.1531
1941172679706587337,2025-07-04T16:30:06.000Z,1882194588137381888,GameStop *** ‚öæÔ∏èüéÜ‚öæÔ∏è *** Happy July 4th ***,"@MLB GameStop $GME *** ‚öæÔ∏èüéÜ‚öæÔ∏è *** Happy July 4th *** 

https://t.co/8BdyD6ScuQ",0,0,0.0,0.709,0.291,0.5719
1941172569258021098,2025-07-04T16:29:40.000Z,20687770,"I need to thank my friend again that works for . He sent me this as a gift in the post when I was having a pretty rough time, and he was part of the team that created this product. He's a wonderful person and I'm so grateful. üñ§‚ù§Ô∏èü§ç","I need to thank my friend again that works for @GameStop. He sent me this as a gift in the post when I was having a pretty rough time, and he was part of the team that created this product. He's a wonderful person and I'm so grateful. üñ§‚ù§Ô∏èü§ç $GME",1,0,0.0,0.63,0.37,0.9772
1941172554674446612,2025-07-04T16:29:36.000Z,224750535,Trade ideaüí° ``/*- Great risk/reward here.,"$MSFT Trade ideaüí°
``/*-       https://t.co/2gwyXNNgeZ
Great risk/reward here. 

$DKNG $SPY $QQQ $ROKU $AAPL $AMZN $TSLA $AMD $MU $AMC $GME https://t.co/HYmTeNVYbF",0,0,0.0,0.631,0.369,0.6249
1941172503336145177,2025-07-04T16:29:24.000Z,1904884596375945216,"Discord- better, more executive trading chat roomüëåüëåüëåüëå‚ù§‚ù§ ‚û°Ô∏è Discord Link","Discord-  better, more executive trading chat roomüëåüëåüëåüëå‚ù§‚ù§
‚û°Ô∏èhttps://t.co/uGAYSIrXWE

Discord Link 

$NFLX $AMD $QQQ $TSLA $VIX $PGR $BURU $AAPL $META $GME $GWAV $AMC $SPY $FSRN https://t.co/RFaOzTbRgM",0,0,0.105,0.195,0.699,0.9841
1941172415482249541,2025-07-04T16:29:03.000Z,1931280364464398336,"His accuracy is 80%-90%, he deserves attention.","His accuracy is 80%-90%, he deserves attention.@_OceanMaster_

$NVDA  $TSLA $SMCI  $AMZN  $PMNT  $GRYP  $ELWS  $SCAG  $HOOD  $GME  $NVDA  $NAMM",0,0,0.0,1.0,0.0,0.0
1941172407651455136,2025-07-04T16:29:01.000Z,1526325964803670016,üéØ + + = MOASS,"@MattinglyP10370 @SwamiSees üéØ

$GME + $AMC + $TSLA = MOASS https://t.co/Tt5eYUTnzi",1,0,0.0,1.0,0.0,0.0
1941172337782763559,2025-07-04T16:28:45.000Z,1904884596375945216,"JOIN for FREE ‚úÖ ‚ÄúMost winning trading community, Get next winning alerts here: Discord Link‚û°Ô∏è ‚û°Ô∏è","JOIN for FREE ‚úÖ ‚ÄúMost winning trading community, Get next winning alerts here:

Discord Link‚û°Ô∏èhttps://t.co/uGAYSIrXWE
‚û°Ô∏èhttps://t.co/tOM3nmVVYI

$MSFT $BBAI $OSCR $MSTR

$GME $GWAV $IPW $BURU $META $NFLX $AMD $QQQ $TSLA $SLV $CTNT $OGEN $GOOG $MULN $VIX $PGR https://t.co/IT94P9e1zJ",0,0,0.081,0.508,0.411,0.9015
1941172183507865719,2025-07-04T16:28:08.000Z,1904884596375945216,Alerts given Trading Chat on Discord!üëá Discord Lin‚û°Ô∏è,"Alerts given Trading Chat on Discord!üëá

Discord Lin‚û°Ô∏èhttps://t.co/uGAYSIrXWE

$SPY $NVDA $DUO $AAPL $NFLX $AMD $QQQ $TSLA $CTNT $OGEN $JDZG $FFIE $GME $GWAV $AMC https://t.co/cjNrtcceEj",0,0,0.322,0.678,0.0,-0.69
1941172124263276905,2025-07-04T16:27:54.000Z,1904884596375945216,Best trading community Discord Link‚û°Ô∏è,"Best trading community

Discord Link‚û°Ô∏èhttps://t.co/uGAYSIrXWE

$IPW $GME $GWAV $AMC $SPY $NVDA $DUO $AAPL $META $NFLX $AMD $QQQ $TSLA $SLV $CTNT https://t.co/CHjQWDhF8U",0,0,0.227,0.42,0.353,0.3612
1941172121973227649,2025-07-04T16:27:53.000Z,224750535,"Everyone, Come join an amazing group of traders ‚û°Ô∏è _`^!-","Everyone, Come join an amazing group of traders

‚û°Ô∏è _`^!-       https://t.co/2gwyXNNgeZ

$PARA $MAXN $SPY $TSLA $NVDA $DJIA $HOLO $GME $MULN $AMC $AAPL $QQQ $AMZN https://t.co/xeekrqFwDr",0,0,0.0,0.589,0.411,0.7424
1941172107758703047,2025-07-04T16:27:50.000Z,1930787018449051648,"His accuracy is 80%-90%, he deserves attention.","His accuracy is 80%-90%, he deserves attention.@_OceanMaster_

$AMD  $NAMM  $META  $AMZN  $TSLA $GOOG  $META  $GME  $SCAG  $GRAB  $BTC  $PMNT",0,0,0.0,1.0,0.0,0.0
1941172044659601428,2025-07-04T16:27:35.000Z,1904884596375945216,Best trading community Discord Link‚û°Ô∏è,"Best trading community

Discord Link‚û°Ô∏èhttps://t.co/uGAYSIrXWE

$IPW $GME $GWAV $AMC $SPY $NVDA $DUO $AAPL $META $NFLX $AMD $QQQ $TSLA $SLV $CTNT https://t.co/ICNeBTvRWg",0,0,0.227,0.42,0.353,0.3612
1941171978569994740,2025-07-04T16:27:19.000Z,1904884596375945216,Get alerts and updates and free trading analysis click here Discord Link‚û°Ô∏è,"Get alerts and updates and free trading analysis click here

Discord Link‚û°Ô∏èhttps://t.co/uGAYSIrXWE

$MULN $VIX $PGR $FFIE $GME $BURU $AAPL $META $NFLX $AMD $QQQ $TSLA $CTNT $OGEN https://t.co/Ud4nyW2CC1",0,0,0.15,0.667,0.183,0.1531
1941171912253866265,2025-07-04T16:27:03.000Z,1904884596375945216,Sign up for our 14-day FREE trial to discover how our members are making 5-FIGURE profits like these! Discord Link‚û°Ô∏è,"Sign up for our 14-day FREE trial to discover how our members are making 5-FIGURE profits like these!

Discord Link‚û°Ô∏èhttps://t.co/uGAYSIrXWE

$AMD $QQQ $CTNT $MULN $VIX $PGR $GME $GWAV $AMC $SPY $HOLO $FSRN $AAPL $DUO https://t.co/yquIHToVmB",0,0,0.089,0.592,0.32,0.792
1941171771706908849,2025-07-04T16:26:30.000Z,1904884596375945216,Best stock traders group out there! updates + Chatroom +analysis üìàüìä‚è≥üëá Discord Link‚û°Ô∏è,"Best stock traders group out there! updates + Chatroom +analysis
üìàüìä‚è≥üëá
Discord Link‚û°Ô∏èhttps://t.co/uGAYSIrXWE

$MULN $NFLX $QQQ $META $RENT $GME $TTWO $AMAT $WMT $CBRL $TSLA https://t.co/TL8NTnQg5f",0,0,0.089,0.762,0.149,0.4199
1941171763842556379,2025-07-04T16:26:28.000Z,1929738392843001856,"His accuracy is 80%-90%, he deserves attention.","His accuracy is 80%-90%, he deserves attention.@_OceanMaster_

$GRYP  $COIN  $AMD  $BTC  $ADA  $PMAX  $PMNT  $META  $DAIC  $ELWS  $SMCI  $GME",0,0,0.0,1.0,0.0,0.0
1941171684209463524,2025-07-04T16:26:09.000Z,1000640648653946880,comfy in coins,comfy in $GME coins,0,0,0.0,1.0,0.0,0.0
1941171555230536082,2025-07-04T16:25:38.000Z,3245144566,Now do a collab with Game and have fun at the arcade and pick up a disc game on the way out :),"Now do a collab with @gamestop @ryancohen $GME 
Game and have fun at the arcade and pick up a disc game on the way out :) https://t.co/G0v4KCqyLg",0,0,0.0,0.769,0.231,0.743
1941171527220883805,2025-07-04T16:25:31.000Z,1923109168195698690,"Follow this blogger His unique analysis gave me a new perspective. Perfect trading strategy. I made ,000 in just half a month. Is this strategy worth learning from? üçÇ","Follow this blogger @Cavila889
His unique analysis gave me a new perspective.
Perfect trading strategy. I made $30,000 in just half a month. Is this strategy worth learning from?
$AMD  $META  $NVDA  $AMD  $ASTS $LVLU  $PWM  $ASTS $WOLF  $BMNR  $LIXT  $QQQ  $COIN $TLYS  $GME  üçÇ",1,0,0.071,0.769,0.16,0.4767
1941171444244947164,2025-07-04T16:25:12.000Z,1928659368850903040,"His accuracy is 80%-90%, he deserves attention.","His accuracy is 80%-90%, he deserves attention.@_OceanMaster_

$GOOG  $ADTX $ELWS  $TSLA $NVDA  $HIMS  $XRP  $AMZN  $NAMM  $SMCI  $SCAG  $GME",0,0,0.0,1.0,0.0,0.0
1941171441300619515,2025-07-04T16:25:11.000Z,1928526022758006785,"His accuracy is 80%-90%, he deserves attention.","His accuracy is 80%-90%, he deserves attention.@_OceanMaster_

$PMNT  $NVDA  $XRP  $BTC  $IVDA $ELWS  $ADTX $GME  $QBTS  $SCAG  $SMCI  $PLTR",0,0,0.0,1.0,0.0,0.0
1941171116057538809,2025-07-04T16:23:53.000Z,1925150291051061248,"His accuracy is 80%-90%, he deserves attention.","His accuracy is 80%-90%, he deserves attention.@_OceanMaster_

$NVDA  $HIMS  $META  $HOOD  $GME  $BTC  $AMZN  $ASTS  $GOOG  $GRAB  $ADA  $AMZN",1,0,0.0,1.0,0.0,0.0
1941171112358101007,2025-07-04T16:23:53.000Z,224750535,To share trading point of view join here >+:$-,"To share trading point of view join here &gt;+:$-       https://t.co/2gwyXNNgeZ

$BABA $TSLA $GME $NVDA $FUBO $ZM $AMZN $SHOP $PLUG $TTD $AAPL $AMD https://t.co/M3CPAyeENr",0,0,0.0,0.614,0.386,0.5267
1941170803309150272,2025-07-04T16:22:39.000Z,1925115454722363392,"His accuracy is 80%-90%, he deserves attention.","His accuracy is 80%-90%, he deserves attention.@_OceanMaster_

$HIMS  $NVDA  $META  $GME  $AMZN  $PLTR  $NAMM  $GOOG  $SMCI  $PMNT  $IVDA $ADA",0,0,0.0,1.0,0.0,0.0
1941170487721337111,2025-07-04T16:21:24.000Z,224750535,"NEWS!! YES, THAT'S HULOX! _-{{-","$SPY NEWS!! YES, THAT'S HULOX!
_-{{-       https://t.co/2gwyXNNgeZ

$AHT $VXIT $ENZC $TSLA $HMBL $BB $AMC $GME $ADA $GME $AMC https://t.co/ZDMZPzgjcX",0,0,0.0,0.481,0.519,0.6496
1941170483623534995,2025-07-04T16:21:23.000Z,1925516414657466369,"His accuracy is 80%-90%, he deserves attention.","His accuracy is 80%-90%, he deserves attention.@_OceanMaster_

$META  $HOOD  $IVDA $ADTX $MSFT  $DAIC  $SCAG  $AMD  $GME  $PMAX  $GRYP  $ADA",0,0,0.0,1.0,0.0,0.0
1941170456259870843,2025-07-04T16:21:16.000Z,1923109725719130113,"Follow this blogger His unique analysis gave me a new perspective. Perfect trading strategy. I made ,000 in just half a month. Is this strategy worth learning from? üåà","Follow this blogger @Cavila889
His unique analysis gave me a new perspective.
Perfect trading strategy. I made $30,000 in just half a month. Is this strategy worth learning from?
$SNGX  $NIVF  $GME  $PWM  $CLRO  $BGLC  $LIXT  $ARBK  $TSLA $AMZN  $LCID $BMNR  $MU  $BMNR  $MSFT  üåà",1,0,0.0,0.828,0.172,0.6808
1941170314509234685,2025-07-04T16:20:42.000Z,1683867325932490752,50% Bitcoin 50% (or other trades against citadel/melvin),"50% Bitcoin
50% $GME (or other trades against citadel/melvin) https://t.co/7fQK9y5xMf",0,0,0.0,1.0,0.0,0.0
1941170313338998989,2025-07-04T16:20:42.000Z,1418687717731454978,The Masked Investor just Posted an Update on this beautiful run in the Markets! via,"$SPY $SPX $AMC $GME $BTC $BBAI $U $RDDT $GOOGL $AAPL $TSLA 

The Masked Investor just Posted an Update on this beautiful run in the Markets!

https://t.co/BrdSTEq6fY via @YouTube",0,0,0.0,0.74,0.26,0.7111
1941170213246173488,2025-07-04T16:20:18.000Z,1690765610060337152,"Binance Futures, BingX Futures, Bitget Futures, ByBit USDT, KuCoin Futures, OKX Futures UNI/USDT Take-Profit target 4 ‚úÖ Profit: 33.58% üìà Period: 1 Days 11 Hours 38 Minutes ‚è∞ TAO","Binance Futures, BingX Futures, Bitget Futures, ByBit USDT, KuCoin Futures, OKX Futures
#UNI/USDT Take-Profit target 4 ‚úÖ
Profit: 33.58% üìà
Period: 1 Days 11 Hours 38 Minutes ‚è∞
#TAO $DOGE $SPY $QQQ $SOL $GME $AMC $ADA $COIN $PLTR $SHIB $HOOD $SMCI $AMD

https://t.co/l71nrUSjmn",0,0,0.064,0.858,0.078,0.128
1941170193918754894,2025-07-04T16:20:14.000Z,1915912896,"Ape strong together, get that GME üöÄ","@Shieldmetax Ape strong together, get that GME üöÄ",0,0,0.0,0.645,0.355,0.5106
1941170163946283008,2025-07-04T16:20:06.000Z,1928588356843352064,"His accuracy is 80%-90%, he deserves attention.","His accuracy is 80%-90%, he deserves attention.@_OceanMaster_

$ADA  $ASTS  $ADTX $GOOG  $NVDA  $PLTR  $BTC  $GME  $XRP  $ELWS  $ASTS  $ELWS",2,0,0.0,1.0,0.0,0.0
1941170115200094669,2025-07-04T16:19:55.000Z,1690765610060337152,"Binance Futures, BingX Futures, Bitget Futures, ByBit USDT, OKX Futures COMP/USDT All take-profit targets achieved üòé Profit: 53.925% üìà Period: 21 Hours 24 Minutes ‚è∞ TAO","Binance Futures, BingX Futures, Bitget Futures, ByBit USDT, OKX Futures
#COMP/USDT All take-profit targets achieved üòé
Profit: 53.925% üìà
Period: 21 Hours 24 Minutes ‚è∞
#TAO $DOGE $SPY $QQQ $SOL $GME $AMC $ADA $COIN $PLTR $SHIB $HOOD $SMCI $AMD

https://t.co/l71nrUSjmn",0,0,0.066,0.771,0.163,0.5423
1941170066185429156,2025-07-04T16:19:43.000Z,1690765610060337152,"Binance Futures, BingX Futures, Bitget Futures, ByBit USDT, KuCoin Futures, OKX Futures ZIL/USDT Take-Profit target 2 ‚úÖ Profit: 15.9699% üìà Period: 3 Days 10 Hours 19 Minutes ‚è∞ TAO","Binance Futures, BingX Futures, Bitget Futures, ByBit USDT, KuCoin Futures, OKX Futures
#ZIL/USDT Take-Profit target 2 ‚úÖ
Profit: 15.9699% üìà
Period: 3 Days 10 Hours 19 Minutes ‚è∞
#TAO $DOGE $SPY $QQQ $SOL $GME $AMC $ADA $COIN $PLTR $SHIB $HOOD $SMCI $AMD

https://t.co/l71nrUSjmn",0,0,0.064,0.858,0.078,0.128
1941170024233976015,2025-07-04T16:19:33.000Z,1690765610060337152,"Binance Futures, BingX Futures, Bitget Futures, ByBit USDT, KuCoin Futures, OKX Futures UNI/USDT All take-profit targets achieved üòé Profit: 51.6981% üìà Period: 11 Hours 50 Minutes ‚è∞ TAO","Binance Futures, BingX Futures, Bitget Futures, ByBit USDT, KuCoin Futures, OKX Futures
#UNI/USDT All take-profit targets achieved üòé
Profit: 51.6981% üìà
Period: 11 Hours 50 Minutes ‚è∞
#TAO $DOGE $SPY $QQQ $SOL $GME $AMC $ADA $COIN $PLTR 

https://t.co/l71nrUSjmn",0,0,0.063,0.783,0.154,0.5423
1941170006601175160,2025-07-04T16:19:29.000Z,1683867325932490752,50% Bitcoin 50% obv,"@blknoiz06 50% Bitcoin
50% $GME
obv",0,0,0.0,1.0,0.0,0.0
1941169979136922074,2025-07-04T16:19:22.000Z,1690765610060337152,"Binance Futures, BingX Futures, Bitget Futures, ByBit USDT, KuCoin Futures, OKX Futures THETA/USDT Take-Profit target 5 ‚úÖ Profit: 43.3681% üìà Period: 1 Days 2 Hours 49 Minutes ‚è∞ TAO","Binance Futures, BingX Futures, Bitget Futures, ByBit USDT, KuCoin Futures, OKX Futures
#THETA/USDT Take-Profit target 5 ‚úÖ
Profit: 43.3681% üìà
Period: 1 Days 2 Hours 49 Minutes ‚è∞
#TAO $DOGE $SPY $QQQ $SOL $GME $AMC $ADA $COIN $PLTR $SHIB $HOOD $SMCI 

https://t.co/l71nrUSjmn",0,0,0.064,0.858,0.078,0.128
1941169927781769261,2025-07-04T16:19:10.000Z,1690765610060337152,"Binance Futures, BingX Futures, Bitget Futures, ByBit USDT, KuCoin Futures, OKX Futures DYDX/USDT Take-Profit target 3 ‚úÖ Profit: 28.3951% üìà Period: 21 Hours 24 Minutes ‚è∞ TAO","Binance Futures, BingX Futures, Bitget Futures, ByBit USDT, KuCoin Futures, OKX Futures
#DYDX/USDT Take-Profit target 3 ‚úÖ
Profit: 28.3951% üìà
Period: 21 Hours 24 Minutes ‚è∞
#TAO $DOGE $SPY $QQQ $SOL $GME $AMC $ADA $COIN $PLTR $SHIB $HOOD $SMCI $AMD

https://t.co/l71nrUSjmn",0,0,0.068,0.85,0.082,0.128
1941169868906401984,2025-07-04T16:18:56.000Z,1934285267705188352,Don‚Äôt listen to anyone man. I can see 30k a share for sure and GME 2-3k max. GME AMC,@ProcseeGaming Don‚Äôt listen to anyone man. I can see 30k a share for sure and GME 2-3k max. #GME #AMC,0,0,0.0,0.791,0.209,0.5423
1941169866150723823,2025-07-04T16:18:55.000Z,1690765610060337152,"Binance Futures, BingX Futures, Bitget Futures, ByBit USDT, HyperLiquid Futures(SOL/USDC), KuCoin Futures, OKX Futures SOL/USDT Take-Profit target 3 ‚úÖ Profit: 23.6276% üìà Period: 3 Hours 43 Minutes ‚è∞ TAO","Binance Futures, BingX Futures, Bitget Futures, ByBit USDT, HyperLiquid Futures(SOL/USDC), KuCoin Futures, OKX Futures
#SOL/USDT Take-Profit target 3 ‚úÖ
Profit: 23.6276% üìà
Period: 3 Hours 43 Minutes ‚è∞
#TAO $DOGE $SPY $QQQ $SOL $GME $AMC $ADA $COIN $PLTR

https://t.co/l71nrUSjmn",0,0,0.064,0.858,0.078,0.128
1941169848400412907,2025-07-04T16:18:51.000Z,1930251112847945730,"His accuracy is 80%-90%, he deserves attention.","His accuracy is 80%-90%, he deserves attention.@_OceanMaster_

$COIN  $GME  $QBTS  $ADTX $ELWS  $PLTR  $GRAB  $META  $META  $HOOD  $BTC  $PMAX",0,0,0.0,1.0,0.0,0.0
1941169847959945657,2025-07-04T16:18:51.000Z,1930672415861817344,"His accuracy is 80%-90%, he deserves attention.","His accuracy is 80%-90%, he deserves attention.@_OceanMaster_

$SCAG  $DAIC  $GOOG  $SMCI  $ELWS  $GME  $PMNT  $HIMS  $XRP  $IVDA $GRYP  $SMCI",0,0,0.0,1.0,0.0,0.0
1941169772437381205,2025-07-04T16:18:33.000Z,1690765610060337152,"Binance Futures, BingX Futures, Bitget Futures, ByBit USDT, KuCoin Futures, OKX Futures CELO/USDT Take-Profit target 5 ‚úÖ Profit: 40.0% üìà Period: 1 Days 0 Hours 24 Minutes ‚è∞ TAO","Binance Futures, BingX Futures, Bitget Futures, ByBit USDT, KuCoin Futures, OKX Futures
#CELO/USDT Take-Profit target 5 ‚úÖ
Profit: 40.0% üìà
Period: 1 Days 0 Hours 24 Minutes ‚è∞
#TAO $DOGE $SPY $QQQ $SOL $GME $AMC $ADA $COIN $PLTR $SHIB $HOOD $SMCI $AMD

https://t.co/l71nrUSjmn",0,0,0.064,0.858,0.078,0.128
1941169754263433513,2025-07-04T16:18:29.000Z,224750535,The POWER of DCA (Dol={~r Cost Averaging) !! ={~-,"The POWER of DCA (Dol={~#r Cost Averaging) !!
={~#-       https://t.co/2gwyXNNgeZ

$TSLA $FB $GOOG $BABA $SQ $NFLX $NVDA $BTC $SHOP $AMC $GME https://t.co/bFemTIhRBb",0,0,0.0,1.0,0.0,0.0
1941169723976413187,2025-07-04T16:18:22.000Z,1690765610060337152,"Binance Futures, BingX Futures, Bitget Futures, ByBit USDT, KuCoin Futures, OKX Futures ICP/USDT Take-Profit target 5 ‚úÖ Profit: 49.7611% üìà Period: 1 Days 1 Hours 28 Minutes ‚è∞ TAO","Binance Futures, BingX Futures, Bitget Futures, ByBit USDT, KuCoin Futures, OKX Futures
#ICP/USDT Take-Profit target 5 ‚úÖ
Profit: 49.7611% üìà
Period: 1 Days 1 Hours 28 Minutes ‚è∞
#TAO $DOGE $SPY $QQQ $SOL $GME $AMC $ADA $COIN $PLTR $SHIB $HOOD $SMCI $AMD

https://t.co/l71nrUSjmn",0,0,0.064,0.858,0.078,0.128
1941169687376908505,2025-07-04T16:18:13.000Z,1690765610060337152,"Binance Futures, Bitget Futures, ByBit USDT, KuCoin Futures, OKX Futures XTZ/USDT Take-Profit target 1 ‚úÖ Profit: 13.0964% üìà Period: 3 Days 8 Hours 26 Minutes ‚è∞ TAO","Binance Futures, Bitget Futures, ByBit USDT, KuCoin Futures, OKX Futures
#XTZ/USDT Take-Profit target 1 ‚úÖ
Profit: 13.0964% üìà
Period: 3 Days 8 Hours 26 Minutes ‚è∞
#TAO $DOGE $SPY $QQQ $SOL $GME $AMC $ADA $COIN $PLTR $SHIB $HOOD $SMCI $AMD

https://t.co/l71nrUSjmn",0,0,0.068,0.85,0.082,0.128
1941169646868275529,2025-07-04T16:18:03.000Z,1690765610060337152,"Binance Futures, BingX Futures, Bitget Futures, ByBit USDT, KuCoin Futures, OKX Futures AAVE/USDT Take-Profit target 5 ‚úÖ Profit: 42.9266% üìà Period: 1 Days 11 Hours 40 Minutes ‚è∞ TAO","Binance Futures, BingX Futures, Bitget Futures, ByBit USDT, KuCoin Futures, OKX Futures
#AAVE/USDT Take-Profit target 5 ‚úÖ
Profit: 42.9266% üìà
Period: 1 Days 11 Hours 40 Minutes ‚è∞
#TAO $DOGE $SPY $QQQ $SOL $GME $AMC $ADA $COIN $PLTR 

https://t.co/l71nrUSjmn",0,0,0.064,0.858,0.078,0.128
1941169592782692526,2025-07-04T16:17:50.000Z,1690765610060337152,Binance Futures DYDX/USDT Take-Profit target 3 ‚úÖ Profit: 22.2222% üìà Period: 4 Hours 48 Minutes ‚è∞ TAO Join our telegram community. Click below ‚¨áÔ∏è,"Binance Futures
#DYDX/USDT Take-Profit target 3 ‚úÖ
Profit: 22.2222% üìà
Period: 4 Hours 48 Minutes ‚è∞
#TAO $DOGE $SPY $QQQ $SOL $GME $AMC $ADA $COIN $PLTR $SHIB $HOOD $SMCI $AMD

Join our telegram community.
Click below ‚¨áÔ∏è

https://t.co/l71nrUSjmn",0,0,0.07,0.783,0.148,0.4019
1941169561707114778,2025-07-04T16:17:43.000Z,1690765610060337152,"Binance Futures, BingX Futures, Bitget Futures, ByBit USDT, KuCoin Futures, OKX Futures THETA/USDT Take-Profit target 3 ‚úÖ Profit: 26.1568% üìà Period: 21 Hours 38 Minutes ‚è∞ TAO","Binance Futures, BingX Futures, Bitget Futures, ByBit USDT, KuCoin Futures, OKX Futures
#THETA/USDT Take-Profit target 3 ‚úÖ
Profit: 26.1568% üìà
Period: 21 Hours 38 Minutes ‚è∞
#TAO $DOGE $SPY $QQQ $SOL $GME $AMC $ADA $COIN $PLTR $SHIB $HOOD $SMCI $AMD

https://t.co/l71nrUSjmn",0,0,0.068,0.85,0.082,0.128
1941169527087312917,2025-07-04T16:17:35.000Z,1690765610060337152,"Binance Futures, BingX Futures, Bitget Futures, ByBit USDT, KuCoin Futures, OKX Futures LTC/USDT Take-Profit target 1 ‚úÖ Profit: 14.8165% üìà Period: 3 Hours 41 Minutes ‚è∞ TAO","Binance Futures, BingX Futures, Bitget Futures, ByBit USDT, KuCoin Futures, OKX Futures
#LTC/USDT Take-Profit target 1 ‚úÖ
Profit: 14.8165% üìà
Period: 3 Hours 41 Minutes ‚è∞
#TAO $DOGE $SPY $QQQ $SOL $GME $AMC $ADA $COIN $PLTR $SHIB $HOOD $SMCI $AMD

https://t.co/l71nrUSjmn",0,0,0.068,0.85,0.082,0.128
1941169505016902097,2025-07-04T16:17:29.000Z,1690765610060337152,"Binance Futures, BingX Futures, Bitget Futures, ByBit USDT, KuCoin Futures, OKX Futures LTC/USDT Take-Profit target 1 ‚úÖ Profit: 14.8165% üìà Period: 3 Hours 39 Minutes ‚è∞ TAO","Binance Futures, BingX Futures, Bitget Futures, ByBit USDT, KuCoin Futures, OKX Futures
#LTC/USDT Take-Profit target 1 ‚úÖ
Profit: 14.8165% üìà
Period: 3 Hours 39 Minutes ‚è∞
#TAO $DOGE $SPY $QQQ $SOL $GME $AMC $ADA $COIN $PLTR $SHIB $HOOD $SMCI $AMD

https://t.co/l71nrUSjmn",0,0,0.068,0.85,0.082,0.128
1941169502814883979,2025-07-04T16:17:29.000Z,1690765610060337152,"Binance Futures, BingX Futures, Bitget Futures, ByBit USDT, KuCoin Futures, OKX Futures LINK/USDT Take-Profit target 3 ‚úÖ Profit: 24.7958% üìà Period: 1 Days 11 Hours 38 Minutes ‚è∞ TAO","Binance Futures, BingX Futures, Bitget Futures, ByBit USDT, KuCoin Futures, OKX Futures
#LINK/USDT Take-Profit target 3 ‚úÖ
Profit: 24.7958% üìà
Period: 1 Days 11 Hours 38 Minutes ‚è∞
#TAO $DOGE $SPY $QQQ $SOL $GME $AMC $ADA $COIN $PLTR 

https://t.co/l71nrUSjmn",0,0,0.064,0.858,0.078,0.128
1941169497991454965,2025-07-04T16:17:28.000Z,1690765610060337152,"Binance Futures, BingX Futures, Bitget Futures, ByBit USDT, KuCoin Futures, OKX Futures LINK/USDT Take-Profit target 3 ‚úÖ Profit: 24.7958% üìà Period: 1 Days 11 Hours 38 Minutes ‚è∞ TAO","Binance Futures, BingX Futures, Bitget Futures, ByBit USDT, KuCoin Futures, OKX Futures
#LINK/USDT Take-Profit target 3 ‚úÖ
Profit: 24.7958% üìà
Period: 1 Days 11 Hours 38 Minutes ‚è∞
#TAO $DOGE $SPY $QQQ $SOL $GME $AMC $ADA $COIN $PLTR $SHIB $HOOD $SMCI 

https://t.co/l71nrUSjmn",0,0,0.064,0.858,0.078,0.128
1941169341975957810,2025-07-04T16:16:50.000Z,1690765610060337152,"Binance Futures, BingX Futures, Bitget Futures, ByBit USDT, KuCoin Futures, OKX Futures LINK/USDT Take-Profit target 3 ‚úÖ Profit: 24.7958% üìà Period: 1 Days 11 Hours 48 Minutes ‚è∞ TAO","Binance Futures, BingX Futures, Bitget Futures, ByBit USDT, KuCoin Futures, OKX Futures
#LINK/USDT Take-Profit target 3 ‚úÖ
Profit: 24.7958% üìà
Period: 1 Days 11 Hours 48 Minutes ‚è∞
#TAO $DOGE $SPY $QQQ $SOL $GME $AMC $ADA $COIN $PLTR $SHIB $HOOD $SMCI $AMD
https://t.co/l71nrUSjmn",0,0,0.064,0.858,0.078,0.128
1941169301698052154,2025-07-04T16:16:41.000Z,1690765610060337152,"Binance Futures, BingX Futures, Bitget Futures, ByBit USDT, KuCoin Futures, OKX Futures SSV/USDT All take-profit targets achieved üòé Profit: 83.9727% üìà Period: 1 Days 3 Hours 36 Minutes ‚è∞ TAO","Binance Futures, BingX Futures, Bitget Futures, ByBit USDT, KuCoin Futures, OKX Futures
#SSV/USDT All take-profit targets achieved üòé
Profit: 83.9727% üìà
Period: 1 Days 3 Hours 36 Minutes ‚è∞
#TAO $DOGE $SPY $QQQ $SOL $GME $AMC $ADA $COIN $PLTR 

https://t.co/l71nrUSjmn",0,0,0.06,0.794,0.146,0.5423
1941169251429314804,2025-07-04T16:16:29.000Z,1690765610060337152,"Binance Futures, BingX Futures, Bitget Futures, ByBit USDT, KuCoin Futures, OKX Futures 1INCH/USDT Take-Profit target 5 ‚úÖ Profit: 42.0473% üìà Period: 4 Days 6 Hours 59 Minutes ‚è∞ TAO","Binance Futures, BingX Futures, Bitget Futures, ByBit USDT, KuCoin Futures, OKX Futures
#1INCH/USDT Take-Profit target 5 ‚úÖ
Profit: 42.0473% üìà
Period: 4 Days 6 Hours 59 Minutes ‚è∞
#TAO $DOGE $SPY $QQQ $SOL $GME $AMC $ADA $COIN $PLTR  

https://t.co/l71nrUSjmn",0,0,0.064,0.858,0.078,0.128
1941169219674214786,2025-07-04T16:16:21.000Z,1930665729684123648,"His accuracy is 80%-90%, he deserves attention.","His accuracy is 80%-90%, he deserves attention.@_OceanMaster_

$BTC  $ELWS  $ASTS  $GRYP  $GRAB  $PLTR  $PMNT  $XRP  $ADA  $AMZN  $AMD  $GME",0,0,0.0,1.0,0.0,0.0
1941169217921056844,2025-07-04T16:16:21.000Z,1930527357959643136,"His accuracy is 80%-90%, he deserves attention.","His accuracy is 80%-90%, he deserves attention.@_OceanMaster_

$GME  $BTC  $GRYP  $META  $GOOG  $ADA  $SCAG  $PMAX  $NVDA  $COIN  $NAMM  $DAIC",0,0,0.0,1.0,0.0,0.0
1941169190519382161,2025-07-04T16:16:14.000Z,34660476,"Wishing everyone a legendary July 4th weekend! üá∫üá∏ May your grills be hot, your drinks be cold, and your favorite stonk explode like fireworks. üí• Stay safe, stay free...and remember: markets may be closed, but the energy is still very much open. üéá July4th GME","Wishing everyone a legendary July 4th weekend! üá∫üá∏

May your grills be hot, your drinks be cold, and your favorite stonk explode like fireworks. üí•

Stay safe, stay free...and remember: markets may be closed, but the energy is still very much open. üéá

#July4th #GME https://t.co/H727n7gZWO",11,0,0.034,0.767,0.198,0.7463
1941169141463109717,2025-07-04T16:16:03.000Z,1690765610060337152,"Binance Futures, BingX Futures, Bitget Futures, ByBit USDT, KuCoin Futures, OKX Futures 1INCH/USDT Take-Profit target 5 ‚úÖ Profit: 42.0473% üìà Period: 4 Days 6 Hours 45 Minutes ‚è∞ TAO","Binance Futures, BingX Futures, Bitget Futures, ByBit USDT, KuCoin Futures, OKX Futures
#1INCH/USDT Take-Profit target 5 ‚úÖ
Profit: 42.0473% üìà
Period: 4 Days 6 Hours 45 Minutes ‚è∞
#TAO $DOGE $SPY $QQQ $SOL $GME $AMC $ADA $COIN $PLTR 

https://t.co/l71nrUSjmn",0,0,0.064,0.858,0.078,0.128
1941169123817652465,2025-07-04T16:15:58.000Z,224750535,LOXt ahead of the trend here at Xtraders )]^:- Congrats to all who p)]^:yed! See you tomorrowüìà,"LOXt ahead of the trend here at Xtraders 

)]^:-       https://t.co/2gwyXNNgeZ

Congrats to all who p)]^:yed! 

See you tomorrowüìà

$AMZN $AAPL $BA $BABA $FB $TSLA $MSFT $ROKU $AMC $GME https://t.co/xjTLhrmgSs",0,0,0.0,0.83,0.17,0.5707
1941169120604807259,2025-07-04T16:15:58.000Z,709704175,Enter the dog days üòû‚Ä¶,Enter the dog days üòû‚Ä¶ $GME https://t.co/7jYRmbVXHs,17,0,0.383,0.617,0.0,-0.4767
1941169110383260119,2025-07-04T16:15:55.000Z,1690765610060337152,"ByBit USDT, KuCoin Futures DODO/USDT All take-profit targets achieved üòé Profit: 51.7007% üìà Period: 1 Days 2 Hours 12 Minutes ‚è∞ TAO Join our telegram community. Click below ‚¨áÔ∏è","ByBit USDT, KuCoin Futures
#DODO/USDT All take-profit targets achieved üòé
Profit: 51.7007% üìà
Period: 1 Days 2 Hours 12 Minutes ‚è∞
#TAO $DOGE $SPY $QQQ $SOL $GME $AMC $ADA $COIN $PLTR $SHIB $HOOD $SMCI $AMD

Join our telegram community.
Click below ‚¨áÔ∏è

https://t.co/l71nrUSjmn",0,0,0.058,0.747,0.195,0.6908
1941169068859674963,2025-07-04T16:15:45.000Z,1690765610060337152,"Binance Futures, BingX Futures, Bitget Futures, ByBit USDT, KuCoin Futures, OKX Futures CHZ/USDT All take-profit targets achieved üòé Profit: 56.3991% üìà Period: 1 Days 3 Hours 21 Minutes ‚è∞ TAO","Binance Futures, BingX Futures, Bitget Futures, ByBit USDT, KuCoin Futures, OKX Futures
#CHZ/USDT All take-profit targets achieved üòé
Profit: 56.3991% üìà
Period: 1 Days 3 Hours 21 Minutes ‚è∞
#TAO $DOGE $SPY $QQQ $SOL $GME $AMC $ADA $COIN $PLTR 

https://t.co/l71nrUSjmn",0,0,0.06,0.794,0.146,0.5423
1941169000055963971,2025-07-04T16:15:29.000Z,1750213563476578304,üö® OUR AI PREDICTS THE TOP STOCKS GAINERS ‚Üí 90 DAYS 1. 34.97% 2. 34.09% 3. 34.00% 4. 33.72% 5. 32.65% 6. 31.92% 7. 31.70% 8. 31.53% 9. 29.39% 10. 28.07% investing trading money,"üö® OUR #AI PREDICTS THE TOP #STOCKS GAINERS ‚Üí 90 DAYS

1. $PCTY 34.97%
2. $ARGX 34.09%
3. $DUOL 34.00%
4. $PAYC 33.72%
5. $APP 32.65%
6. $LOAR 31.92%
7. $SMMT 31.70%
8. $GME 31.53%
9. $JD 29.39%
10. $FRHC 28.07%

#investing #trading #money",0,0,0.0,0.933,0.067,0.368
1941168957945495643,2025-07-04T16:15:19.000Z,1690765610060337152,"Binance Futures, BingX Futures, Bitget Futures, ByBit USDT, KuCoin Futures, OKX Futures BNB/USDT Take-Profit target 1 ‚úÖ Profit: 11.085% üìà Period: 4 Hours 48 Minutes ‚è∞ TAO","Binance Futures, BingX Futures, Bitget Futures, ByBit USDT, KuCoin Futures, OKX Futures
#BNB/USDT Take-Profit target 1 ‚úÖ
Profit: 11.085% üìà
Period: 4 Hours 48 Minutes ‚è∞
#TAO $DOGE $SPY $QQQ $SOL $GME $AMC $ADA $COIN $PLTR $SHIB $HOOD $SMCI $AMD

https://t.co/l71nrUSjmn",0,0,0.068,0.85,0.082,0.128
1941168913347440800,2025-07-04T16:15:08.000Z,1690765610060337152,"Binance Futures, BingX Futures, Bitget Futures, ByBit USDT, KuCoin Futures, OKX Futures AAVE/USDT Take-Profit target 4 ‚úÖ Profit: 33.4382% üìà Period: 1 Days 11 Hours 13 Minutes ‚è∞ TAO","Binance Futures, BingX Futures, Bitget Futures, ByBit USDT, KuCoin Futures, OKX Futures
#AAVE/USDT Take-Profit target 4 ‚úÖ
Profit: 33.4382% üìà
Period: 1 Days 11 Hours 13 Minutes ‚è∞
#TAO $DOGE $SPY $QQQ $SOL $GME $AMC $ADA $COIN $PLTR $SHIB $HOOD $SMCI $AM

https://t.co/l71nrUSjmn",0,0,0.064,0.858,0.078,0.128
1941168897618813341,2025-07-04T16:15:05.000Z,1930235491246350336,"His accuracy is 80%-90%, he deserves attention.","His accuracy is 80%-90%, he deserves attention.@_OceanMaster_

$ASTS  $META  $GRAB  $NVDA  $ADA  $SCAG  $HIMS  $AMZN  $BTC  $GME  $GOOG  $AMZN",0,0,0.0,1.0,0.0,0.0
